matter_class,eos_id,family_group_id,amplitude,build_ok,physical_trace_ok,minimum_mass_msun,maximum_mass_msun,radius_1p4_km,covers_ml_mass_grid_1_to_2,passes_mmax_floor,passes_mmax_ceiling,passes_r14_screen,acceptable,reason
hadronic,APR-1,H_APR,-0.05,True,True,0.0885828476449009,2.226106848374988,12.195319944224684,True,True,True,True,True,
hadronic,APR-1,H_APR,-0.02,True,True,0.0887718749946614,2.2632915945406893,12.66307513866184,True,True,True,True,True,
hadronic,APR-1,H_APR,0.0,True,True,0.0889096206281317,2.289051692281542,12.983762879154584,True,True,True,True,True,
hadronic,APR-1,H_APR,0.01,True,True,0.0889820142246913,2.302207399027911,13.147846482189612,True,True,True,True,True,
hadronic,APR-1,H_APR,0.02,True,True,0.0890561530074486,2.315539760497586,13.308424913015916,True,True,True,True,True,
hadronic,APR-1,H_APR,0.03,True,True,0.0891324657325322,2.329043336206853,13.468460099261314,True,True,True,True,True,
hadronic,APR-1,H_APR,0.04,True,True,0.0892104503506953,2.342712602692816,13.621219756039435,True,True,True,True,True,
hadronic,APR-1,H_APR,0.05,True,True,0.0892906009310462,2.3565419799899163,13.771610713458111,True,True,True,True,True,
hadronic,APR-1,H_APR,0.09,True,True,0.0896278012660969,2.4133469631027045,14.285565868612986,True,True,True,True,True,
hadronic,BGP,H_BGP,-0.05,True,True,0.0900711707939019,2.373539089264108,12.834691549601258,True,True,True,True,True,
hadronic,BGP,H_BGP,-0.02,True,True,0.0901766586539111,2.4010327878634485,13.287903926028656,True,True,True,True,True,
hadronic,BGP,H_BGP,0.0,True,True,0.0902471254482249,2.4201300404052457,13.585314870984622,True,True,True,True,True,
hadronic,BGP,H_BGP,0.01,True,True,0.0902824568599339,2.4299026664548524,13.731139970809974,True,True,True,True,True,
hadronic,BGP,H_BGP,0.02,True,True,0.0903177100264623,2.4398215880748992,13.8714461224357,True,True,True,True,True,
hadronic,BGP,H_BGP,0.03,True,True,0.0903531279955837,2.4502100237038262,14.002703963977366,True,True,True,True,True,
hadronic,BGP,H_BGP,0.04,True,True,0.0903885907772746,2.461493638591856,14.128798512428297,True,True,True,True,True,
hadronic,BGP,H_BGP,0.05,True,True,0.0904241815766413,2.472929640680979,14.247100492394353,True,True,True,True,True,
hadronic,BGP,H_BGP,0.09,True,True,0.0905664566554451,2.520130014643473,14.645882228817868,True,True,True,False,False,R1.4 screen
hadronic,BL-1,H_BL,-0.05,True,True,0.0894405001379254,2.0701653846768986,11.806692775415572,True,True,True,True,True,
hadronic,BL-1,H_BL,-0.02,True,True,0.089582502111168,2.0912569039855997,12.327495296577853,True,True,True,True,True,
hadronic,BL-1,H_BL,0.0,True,True,0.0896792235299752,2.1075794449186867,12.694439658678652,True,True,True,True,True,
hadronic,BL-1,H_BL,0.01,True,True,0.0897281395784062,2.115990868600402,12.881611351229395,True,True,True,True,True,
hadronic,BL-1,H_BL,0.02,True,True,0.0897773680614161,2.124567509714546,13.070954004860628,True,True,True,True,True,
hadronic,BL-1,H_BL,0.03,True,True,0.0898271643537364,2.133308039432233,13.259754336155234,True,True,True,True,True,
hadronic,BL-1,H_BL,0.04,True,True,0.0898771062185889,2.14221101368463,13.445474348907547,True,True,True,True,True,
hadronic,BL-1,H_BL,0.05,True,True,0.0899276234595001,2.1512749412577827,13.62715052438228,True,True,True,True,True,
hadronic,BL-1,H_BL,0.09,True,True,0.0901325711014863,2.193590657490051,14.235232538351443,True,True,True,True,True,
hadronic,HHJ-2,H_HHJ,-0.05,True,True,0.089835920889244,2.0948218446920497,12.364463504059044,True,True,True,True,True,
hadronic,HHJ-2,H_HHJ,-0.02,True,True,0.0899438680801498,2.1236131239941014,12.87666386735608,True,True,True,True,True,
hadronic,HHJ-2,H_HHJ,0.0,True,True,0.0900163418758861,2.143777408871117,13.225572911127523,True,True,True,True,True,
hadronic,HHJ-2,H_HHJ,0.01,True,True,0.0900524962712417,2.1541447574563333,13.39717976842654,True,True,True,True,True,
hadronic,HHJ-2,H_HHJ,0.02,True,True,0.090088819890723,2.1650634740349486,13.563829228438568,True,True,True,True,True,
hadronic,HHJ-2,H_HHJ,0.03,True,True,0.0901251362480273,2.177065528385344,13.726573289739363,True,True,True,True,True,
hadronic,HHJ-2,H_HHJ,0.04,True,True,0.0901615278821898,2.1892687368050754,13.881699737211564,True,True,True,True,True,
hadronic,HHJ-2,H_HHJ,0.05,True,True,0.0901979345557534,2.2016694584280683,14.024999826407296,True,True,True,True,True,
hadronic,HHJ-2,H_HHJ,0.09,True,True,0.0903441901285717,2.25409184454194,14.497911216579244,True,True,True,True,True,
hadronic,MDI-2,H_MDI,-0.05,True,True,0.0896874954913981,1.9512489601018752,12.436862846516972,False,False,True,True,False,1-2 Msun support; Mmax<2.0
hadronic,MDI-2,H_MDI,-0.02,True,True,0.0897743578691227,1.981701533979108,13.025713438064283,False,False,True,True,False,1-2 Msun support; Mmax<2.0
hadronic,MDI-2,H_MDI,0.0,True,True,0.0898329611517289,2.004437772937214,13.42351094043372,True,True,True,True,True,
hadronic,MDI-2,H_MDI,0.01,True,True,0.0898621598359418,2.0161440456150883,13.617571647427152,True,True,True,True,True,
hadronic,MDI-2,H_MDI,0.02,True,True,0.0898916940688965,2.028071888257473,13.807320219672937,True,True,True,True,True,
hadronic,MDI-2,H_MDI,0.03,True,True,0.0899212782959134,2.0408966567043607,13.985340211329111,True,True,True,True,True,
hadronic,MDI-2,H_MDI,0.04,True,True,0.089950925407497,2.054769864707469,14.151482618345094,True,True,True,True,True,
hadronic,MDI-2,H_MDI,0.05,True,True,0.0899806732798761,2.0688743201765543,14.30650793058392,True,True,True,True,True,
hadronic,MDI-2,H_MDI,0.09,True,True,0.0901008111244204,2.130707559647603,14.769719533452772,True,True,True,False,False,R1.4 screen
hadronic,MDI-3,H_MDI,-0.05,True,True,0.0901347877294602,1.9826657515259605,13.033024462091948,False,False,True,True,False,1-2 Msun support; Mmax<2.0
hadronic,MDI-3,H_MDI,-0.02,True,True,0.0902294140785284,2.0157153896789493,13.645144317259588,True,True,True,True,True,
hadronic,MDI-3,H_MDI,0.0,True,True,0.0902932166103902,2.040257220092592,14.033122337168184,True,True,True,True,True,
hadronic,MDI-3,H_MDI,0.01,True,True,0.090325352573639,2.052859958119825,14.21629196487561,True,True,True,True,True,
hadronic,MDI-3,H_MDI,0.02,True,True,0.0903575283791417,2.066059851925341,14.385226815035814,True,True,True,True,True,
hadronic,MDI-3,H_MDI,0.03,True,True,0.0903899236232672,2.080685708067012,14.539584177236549,True,True,True,False,False,R1.4 screen
hadronic,MDI-3,H_MDI,0.04,True,True,0.0904224654629468,2.0955370286760884,14.679604668551487,True,True,True,False,False,R1.4 screen
hadronic,MDI-3,H_MDI,0.05,True,True,0.0904550649342466,2.110607809824234,14.800505753448954,True,True,True,False,False,R1.4 screen
hadronic,MDI-3,H_MDI,0.09,True,True,0.0905869209530766,2.178560196849869,15.17704071987857,True,True,True,False,False,R1.4 screen
hadronic,SCVBB,H_SCVBB,-0.05,True,True,0.0882376020678026,1.97684828958986,11.406750489620046,False,False,True,True,False,1-2 Msun support; Mmax<2.0
hadronic,SCVBB,H_SCVBB,-0.02,True,True,0.0882898718034624,1.9983442721236375,11.920527412545985,False,False,True,True,False,1-2 Msun support; Mmax<2.0
hadronic,SCVBB,H_SCVBB,0.0,True,True,0.0883258777273494,2.013795989972988,12.289899960447007,True,True,True,True,True,
hadronic,SCVBB,H_SCVBB,0.01,True,True,0.0883447376945783,2.0226272521444866,12.480702012870246,True,True,True,True,True,
hadronic,SCVBB,H_SCVBB,0.02,True,True,0.088363458446057,2.0316552620234187,12.676431886844032,True,True,True,True,True,
hadronic,SCVBB,H_SCVBB,0.03,True,True,0.0883826154066106,2.040878957184729,12.874933219996525,True,True,True,True,True,
hadronic,SCVBB,H_SCVBB,0.04,True,True,0.0884019521820647,2.050297174567784,13.074345640378628,True,True,True,True,True,
hadronic,SCVBB,H_SCVBB,0.05,True,True,0.0884217520635603,2.059908508284789,13.271154200448327,True,True,True,True,True,
hadronic,SCVBB,H_SCVBB,0.09,True,True,0.0885032218093052,2.102380724938956,13.982619718985896,True,True,True,True,True,
hadronic,SkI4,H_SKYRME,-0.05,True,True,0.0883427165403908,2.228444052649122,12.931720873073903,True,True,True,True,True,
hadronic,SkI4,H_SKYRME,-0.02,True,True,0.0883356532218835,2.256453928604228,13.429535826944392,True,True,True,True,True,
hadronic,SkI4,H_SKYRME,0.0,True,True,0.0883390727502204,2.276156909431579,13.74849425213303,True,True,True,True,True,
hadronic,SkI4,H_SKYRME,0.01,True,True,0.0883427990973337,2.286238474501596,13.90194454965444,True,True,True,True,True,
hadronic,SkI4,H_SKYRME,0.02,True,True,0.0883475594245991,2.296470123743628,14.04611243364011,True,True,True,True,True,
hadronic,SkI4,H_SKYRME,0.03,True,True,0.0883537415930447,2.3072314208783298,14.182529998674518,True,True,True,True,True,
hadronic,SkI4,H_SKYRME,0.04,True,True,0.0883616723079559,2.319040129580048,14.312710479285908,True,True,True,True,True,
hadronic,SkI4,H_SKYRME,0.05,True,True,0.0883700011887463,2.331003483512338,14.427390073148324,True,True,True,True,True,
hadronic,SkI4,H_SKYRME,0.09,True,True,0.0884166146565661,2.381014956358312,14.809151015386156,True,True,True,False,False,R1.4 screen
hadronic,Ska,H_SKYRME,-0.05,True,True,0.0903084039562697,2.1936958106616253,12.596609659341397,True,True,True,True,True,
hadronic,Ska,H_SKYRME,-0.02,True,True,0.0904606688997894,2.218412577550584,13.108017816023226,True,True,True,True,True,
hadronic,Ska,H_SKYRME,0.0,True,True,0.0905635222080422,2.2369252283839143,13.450847552349725,True,True,True,True,True,
hadronic,Ska,H_SKYRME,0.01,True,True,0.0906154479789522,2.2468422998511173,13.617420006255315,True,True,True,True,True,
hadronic,Ska,H_SKYRME,0.02,True,True,0.090667612460344,2.256922345013769,13.784213449227297,True,True,True,True,True,
hadronic,Ska,H_SKYRME,0.03,True,True,0.0907201544429363,2.267162912540113,13.936998400007296,True,True,True,True,True,
hadronic,Ska,H_SKYRME,0.04,True,True,0.0907728043919467,2.277561488761335,14.083927406340104,True,True,True,True,True,
hadronic,Ska,H_SKYRME,0.05,True,True,0.0908257939052329,2.288115389121268,14.222138779154092,True,True,True,True,True,
hadronic,Ska,H_SKYRME,0.09,True,True,0.0910403596485043,2.3357154371624897,14.664880173007989,True,True,True,False,False,R1.4 screen
hadronic,WFF-2,H_WFF,-0.05,True,True,0.0893220539783133,2.03913490887467,11.258703825359913,True,True,True,True,True,
hadronic,WFF-2,H_WFF,-0.02,True,True,0.0896062083359175,2.0713279964092,11.722938295660706,True,True,True,True,True,
hadronic,WFF-2,H_WFF,0.0,True,True,0.0898035335780253,2.0939415743641474,12.056847863204526,True,True,True,True,True,
hadronic,WFF-2,H_WFF,0.01,True,True,0.0883956638041309,2.105583354942242,12.231324188453645,True,True,True,True,True,
hadronic,WFF-2,H_WFF,0.02,True,True,0.0883329652765926,2.1174433473957603,12.40967270084238,True,True,True,True,True,
hadronic,WFF-2,H_WFF,0.03,True,True,0.0882794568604962,2.129517513399607,12.592814009919046,True,True,True,True,True,
hadronic,WFF-2,H_WFF,0.04,True,True,0.0882344196994883,2.141801555469979,12.77979167386082,True,True,True,True,True,
hadronic,WFF-2,H_WFF,0.05,True,True,0.088198396373675,2.1542911046289785,12.968057240232238,True,True,True,True,True,
hadronic,WFF-2,H_WFF,0.09,True,True,0.088119485238187,2.206210519217868,13.694752168491751,True,True,True,True,True,
quark,CFL1,Q_CFL1,-0.05,True,True,0.0568096465863291,2.030977934771952,10.976604047528426,True,True,True,True,True,
quark,CFL1,Q_CFL1,-0.02,True,True,0.0570585719127571,2.052227570706747,11.037326351445529,True,True,True,True,True,
quark,CFL1,Q_CFL1,0.0,True,True,0.057202142419569,2.066574226422212,11.075526492853095,True,True,True,True,True,
quark,CFL1,Q_CFL1,0.01,True,True,0.0572682578009172,2.0738369454273484,11.093949088774789,True,True,True,True,True,
quark,CFL1,Q_CFL1,0.02,True,True,0.0573309764921013,2.081121886218156,11.111925003936143,True,True,True,True,True,
quark,CFL1,Q_CFL1,0.03,True,True,0.0573905508918597,2.088428415414374,11.129458930713016,True,True,True,True,True,
quark,CFL1,Q_CFL1,0.04,True,True,0.0574472093036176,2.0957880062107512,11.146531382548654,True,True,True,True,True,
quark,CFL1,Q_CFL1,0.05,True,True,0.0575011586994572,2.1031933076577065,11.163118587588828,True,True,True,True,True,
quark,CFL1,Q_CFL1,0.09,True,True,0.0576933855176744,2.133118718897044,11.2247309804775,True,True,True,True,True,
quark,CFL10,Q_CFL10,-0.05,True,True,0.0523700103196994,2.192564651155205,10.991015670765018,True,True,True,True,True,
quark,CFL10,Q_CFL10,-0.02,True,True,0.052496573074893,2.208245447102125,11.025842129493272,True,True,True,True,True,
quark,CFL10,Q_CFL10,0.0,True,True,0.0525723210769059,2.218817936616328,11.04799378609173,True,True,True,True,True,
quark,CFL10,Q_CFL10,0.01,True,True,0.0526079124436425,2.2241182297101285,11.05874552992641,True,True,True,True,True,
quark,CFL10,Q_CFL10,0.02,True,True,0.0526420998648896,2.229427561855718,11.069273143274708,True,True,True,True,True,
quark,CFL10,Q_CFL10,0.03,True,True,0.0526749634716869,2.234745689587128,11.079578213966164,True,True,True,True,True,
quark,CFL10,Q_CFL10,0.04,True,True,0.0527065775185593,2.240097553225064,11.089662523056566,True,True,True,True,True,
quark,CFL10,Q_CFL10,0.05,True,True,0.0527370109011192,2.2454717482968083,11.0995280434493,True,True,True,True,True,
quark,CFL10,Q_CFL10,0.09,True,True,0.0528481529517317,2.2670464112255955,11.13684798689918,True,True,True,True,True,
quark,CFL14,Q_CFL14,-0.05,True,True,0.0514031108852171,2.0648481789339685,10.34518279675064,True,True,True,True,True,
quark,CFL14,Q_CFL14,-0.02,True,True,0.0514504877117654,2.068209588897933,10.354001459668243,True,True,True,True,True,
quark,CFL14,Q_CFL14,0.0,True,True,0.0514807888292314,2.070453760186425,10.359827693911914,True,True,True,True,True,
quark,CFL14,Q_CFL14,0.01,True,True,0.051495571523819,2.071576805625792,10.36272492160933,True,True,True,True,True,
quark,CFL14,Q_CFL14,0.02,True,True,0.0515101162487639,2.072700486650444,10.36561154528804,True,True,True,True,True,
quark,CFL14,Q_CFL14,0.03,True,True,0.0515244282770006,2.0738248000627357,10.36848755712724,True,True,True,True,True,
quark,CFL14,Q_CFL14,0.04,True,True,0.0515385127409447,2.0749497426684536,10.371352949166896,True,True,True,True,True,
quark,CFL14,Q_CFL14,0.05,True,True,0.0515523746364564,2.076075311278301,10.374207714791684,True,True,True,True,True,
quark,CFL14,Q_CFL14,0.09,True,True,0.0516056918977895,2.080583781973926,10.38552038551772,True,True,True,True,True,
quark,CFL3,Q_CFL3,-0.05,True,True,0.0562121322007488,2.3098707867655337,11.767245447864775,True,True,True,True,True,
quark,CFL3,Q_CFL3,-0.02,True,True,0.0563618349041436,2.3485962928051025,11.83070237504049,True,True,True,True,True,
quark,CFL3,Q_CFL3,0.0,True,True,0.056450741823909,2.374785362047826,11.86777431483942,True,True,True,True,True,
quark,CFL3,Q_CFL3,0.01,True,True,0.0564923538317055,2.3879535733053654,11.884902329642756,True,True,True,True,True,
quark,CFL3,Q_CFL3,0.02,True,True,0.0565322325257185,2.401208179637901,11.901136117091587,True,True,True,True,True,
quark,CFL3,Q_CFL3,0.03,True,True,0.0565704858777674,2.414481796713944,11.91652532380503,True,True,True,True,True,
quark,CFL3,Q_CFL3,0.04,True,True,0.0566072129468119,2.427831859300677,11.931123991730368,True,True,True,True,True,
quark,CFL3,Q_CFL3,0.05,True,True,0.0566425047689146,2.441225535232795,11.944983662511332,True,True,True,True,True,
quark,CFL3,Q_CFL3,0.09,True,True,0.0567709024663335,2.495137224854598,11.993963553843896,True,True,True,True,True,
quark,CFL4,Q_CFL4,-0.05,True,True,0.0526564067924071,2.099497717784722,11.182616142311188,True,True,True,True,True,
quark,CFL4,Q_CFL4,-0.02,True,True,0.0528608973745545,2.1255248409537675,11.248905523629098,True,True,True,True,True,
quark,CFL4,Q_CFL4,0.0,True,True,0.0529788744283097,2.1431319808133047,11.289762280960565,True,True,True,True,True,
quark,CFL4,Q_CFL4,0.01,True,True,0.0530332231543489,2.1520238665553237,11.309211224197888,True,True,True,True,True,
quark,CFL4,Q_CFL4,0.02,True,True,0.0530847946581004,2.1609650282445982,11.32802053175415,True,True,True,True,True,
quark,CFL4,Q_CFL4,0.03,True,True,0.0531337964761743,2.1699318537835826,11.346202062669777,True,True,True,True,True,
quark,CFL4,Q_CFL4,0.04,True,True,0.05318041599209,2.17896297753678,11.363766727381494,True,True,True,True,True,
quark,CFL4,Q_CFL4,0.05,True,True,0.0532248228256663,2.1880463533175174,11.380692977625944,True,True,True,True,True,
quark,CFL4,Q_CFL4,0.09,True,True,0.0533832014669121,2.224758094977767,11.442219732412235,True,True,True,True,True,
quark,CFL5,Q_CFL5,-0.05,True,True,0.0582355893132028,2.775744416162819,12.77536842518347,True,True,True,True,True,
quark,CFL5,Q_CFL5,-0.02,True,True,0.0582854832149109,2.82831639152708,12.799165625366085,True,True,True,True,True,
quark,CFL5,Q_CFL5,0.0,True,True,0.0583170555395261,2.863328669479209,12.813411038088542,True,True,True,True,True,
quark,CFL5,Q_CFL5,0.01,True,True,0.0583323661432382,2.8807672444100083,12.82011734683153,True,True,True,True,True,
quark,CFL5,Q_CFL5,0.02,True,True,0.0583473726853933,2.898184845474425,12.826571385066927,True,True,True,True,True,
quark,CFL5,Q_CFL5,0.03,True,True,0.0583620843925904,2.915590093793901,12.8327898081277,True,True,True,True,True,
quark,CFL5,Q_CFL5,0.04,True,True,0.0583765101121812,2.932932101173668,12.83878768053138,True,True,True,True,True,
quark,CFL5,Q_CFL5,0.05,True,True,0.0583906583317142,2.9502081452966977,12.844578674626826,True,True,True,True,True,
quark,CFL5,Q_CFL5,0.09,True,True,0.0584446343807125,3.0188250363861946,12.865907204937107,True,True,False,True,False,Mmax>3.0
quark,CFL6,Q_CFL6,-0.05,True,True,0.0506632911701852,2.5699884953788152,12.380219273495904,True,True,True,True,True,
quark,CFL6,Q_CFL6,-0.02,True,True,0.0507285561863793,2.6187344713516767,12.419742043489537,True,True,True,True,True,
quark,CFL6,Q_CFL6,0.0,True,True,0.0507689470632912,2.6513806031013027,12.442687550705514,True,True,True,True,True,
quark,CFL6,Q_CFL6,0.01,True,True,0.0507882881653751,2.6677702466326534,12.453290107426088,True,True,True,True,True,
quark,CFL6,Q_CFL6,0.02,True,True,0.0508070921843272,2.6841421352839125,12.463374591573064,True,True,True,True,True,
quark,CFL6,Q_CFL6,0.03,True,True,0.0508253817248309,2.7005306340686825,12.472981817436551,True,True,True,True,True,
quark,CFL6,Q_CFL6,0.04,True,True,0.0508431781122373,2.716948189057514,12.482148367878132,True,True,True,True,True,
quark,CFL6,Q_CFL6,0.05,True,True,0.050860501483804,2.733336648540451,12.490907089826822,True,True,True,True,True,
quark,CFL6,Q_CFL6,0.09,True,True,0.0509254304324042,2.7988090113295576,12.522413510356472,True,True,True,True,True,
quark,CFL7,Q_CFL7,-0.05,True,True,0.0502750412004001,1.9964345617833137,10.503764087068571,False,False,True,True,False,1-2 Msun support; Mmax<2.0
quark,CFL7,Q_CFL7,-0.02,True,True,0.0503789388134461,2.00387297020699,10.5256750599871,True,True,True,True,True,
quark,CFL7,Q_CFL7,0.0,True,True,0.0504428289478055,2.008880773125914,10.54002260926306,True,True,True,True,True,
quark,CFL7,Q_CFL7,0.01,True,True,0.0504733133060416,2.0113898202415665,10.547118524553383,True,True,True,True,True,
quark,CFL7,Q_CFL7,0.02,True,True,0.0505028742634247,2.0139022538899267,10.55416259366904,True,True,True,True,True,
quark,CFL7,Q_CFL7,0.03,True,True,0.0505315509765035,2.016418041151005,10.5611548767661,True,True,True,True,True,
quark,CFL7,Q_CFL7,0.04,True,True,0.0505593805519664,2.018937149191312,10.568095445924532,True,True,True,True,True,
quark,CFL7,Q_CFL7,0.05,True,True,0.0505863981692571,2.021459545181868,10.574984384710422,True,True,True,True,True,
quark,CFL7,Q_CFL7,0.09,True,True,0.0506869913974711,2.031610823925141,10.60201792676796,True,True,True,True,True,
quark,CFL9,Q_CFL9,-0.05,True,True,0.0509258486229213,2.3459665683611344,11.324762345412454,True,True,True,True,True,
quark,CFL9,Q_CFL9,-0.02,True,True,0.0510322899723188,2.368189515176917,11.362761782805883,True,True,True,True,True,
quark,CFL9,Q_CFL9,0.0,True,True,0.0510959551367388,2.3830926525286955,11.386214879037436,True,True,True,True,True,
quark,CFL9,Q_CFL9,0.01,True,True,0.0511258630609752,2.390595223482889,11.397400949681469,True,True,True,True,True,
quark,CFL9,Q_CFL9,0.02,True,True,0.051154589092352,2.398125895251993,11.408238044872618,True,True,True,True,True,
quark,CFL9,Q_CFL9,0.03,True,True,0.0511822018210305,2.405666136855811,11.418735047104654,True,True,True,True,True,
quark,CFL9,Q_CFL9,0.04,True,True,0.0512087646431287,2.413215379226042,11.428901072289188,True,True,True,True,True,
quark,CFL9,Q_CFL9,0.05,True,True,0.0512343362410822,2.420773058875515,11.438745408391435,True,True,True,True,True,
quark,CFL9,Q_CFL9,0.09,True,True,0.0513277418294479,2.451277841064477,11.47509482750856,True,True,True,True,True,
