matter_class,eos_id,family_group_id,parameter_block_id,model_superfamily_id,exact_formula_primary_verified,underlying_primary_citation_available,audit_amplitude,audit_epsilon0_mev_fm3,audit_sigma_mev_fm3,amplitude_lower_open,amplitude_upper_closed,maximum_gaussian_weight_on_eos_grid,energy_nearest_gaussian_center_mev_fm3,controlled_a_grid_causally_admissible,build_ok,physical_trace_ok,stable_sequence_points,minimum_mass_msun,maximum_mass_msun,radius_1p4_km,lambda_1p4,radius_at_mmax_km,minimum_cs2,maximum_cs2,p_max_causal_mev_fm3,surface_energy_density_mev_fm3,surface_energy_per_baryon_mev,passes_low_mass_trace,covers_ml_mass_grid_1_to_2,passes_two_solar_mass_screen,passes_project_mmax_screen,passes_common_r14_screen,passes_project_upper_mass_screen,pilot_eligible_2p0,pilot_eligible_strict,recommended_for_pilot_2p0,recommended_for_pilot_strict,published_mmax_msun,published_r_at_mmax_km,mmax_minus_published_msun,r_at_mmax_minus_published_km,published_cfl_crosscheck_within_3pct,rejection_reasons,recommendation_reasons,audit_error
hadronic,APR-1,H_APR,,H_REPOSITORY_SURROGATES,False,True,0.0,220.0,50.0,-0.1087825444577329,0.8791906144066379,0.9998304593482146,219.07925295160297,True,True,True,37,0.08890962062813172,2.289051692281542,12.983762879154584,569.5957595615245,12.001087524521195,0.008829429848716042,0.9999158417223057,331.6983964366311,0.0,,True,True,True,True,True,True,True,True,True,True,,,,,,,,
hadronic,BGP,H_BGP,,H_REPOSITORY_SURROGATES,False,True,0.0,220.0,50.0,-0.13117549497939007,0.8534904725188001,0.9998647131709303,220.8224839851273,True,True,True,38,0.0902471254482249,2.4201300404052457,13.585314870984622,764.2944214634534,11.727974497818291,0.009459177852425771,0.780779962864844,2500.0057574277553,0.0,,True,True,True,True,True,True,True,True,True,True,,,,,,,,
hadronic,BL-1,H_BL,,H_REPOSITORY_SURROGATES,False,True,0.0,220.0,50.0,-0.10135331564586074,0.8902744661647972,0.9999887651772337,219.7629885458736,True,True,True,40,0.08967922352997525,2.1075794449186867,12.694439658678652,470.4403140824198,10.539592608434885,0.009202153832060531,0.9999608539023751,897.212241899237,0.0,,True,True,True,True,True,True,True,True,True,True,,,,,,,,
hadronic,BL-2,H_BL,,H_REPOSITORY_SURROGATES,False,True,0.0,220.0,50.0,-0.09724402726140409,0.8956692637434702,0.9999652374875091,219.5830880385435,True,True,True,40,0.0883310919036187,1.9896605007991044,12.49406882441727,414.8627246643154,10.338459093795091,0.009267678774046748,0.9999451975537629,1249.9711935598166,0.0,,True,False,False,False,True,True,False,False,False,False,,,,,,does not cover common 1.0-2.0 Msun grid; Mmax below project screen 2.08 Msun,does not cover common 1.0-2.0 Msun grid; Mmax below project screen 2.08 Msun,
hadronic,DH,H_DH,,H_REPOSITORY_SURROGATES,False,True,0.0,220.0,50.0,-0.16944572376949943,0.8249412785554939,0.999975047473583,219.64678025439906,True,True,True,38,0.09069973849402646,2.272794082344379,16.09009258862712,2041.4901403950498,12.491211225072758,0.020591336074656855,0.9999793610579254,797.204154768285,0.0,,True,True,True,True,False,True,False,False,False,False,,,,,,R1.4 outside common 9.5-14.5 km screen,R1.4 outside common 9.5-14.5 km screen,
hadronic,HHJ-1,H_HHJ,,H_REPOSITORY_SURROGATES,False,True,0.0,220.0,50.0,-0.10951008680869974,0.8821684092468141,0.9999468213289423,220.5156553359239,True,True,True,37,0.08999702539006423,1.9845341797834297,12.909396262476836,523.8734546048256,10.908700056146715,0.009123463354223567,0.8410206961361348,2500.0052459695016,0.0,,True,False,False,False,True,True,False,False,False,False,,,,,,does not cover common 1.0-2.0 Msun grid; Mmax below project screen 2.08 Msun,does not cover common 1.0-2.0 Msun grid; Mmax below project screen 2.08 Msun,
hadronic,HHJ-2,H_HHJ,,H_REPOSITORY_SURROGATES,False,True,0.0,220.0,50.0,-0.11895146663472596,0.8705196757037489,0.9999600661590445,219.55315193671356,True,True,True,38,0.09001634187588614,2.143777408871117,13.225572911127523,627.9159242143293,11.04765938075329,0.00911448361161571,0.9685342068167483,2500.0057926420614,0.0,,True,True,True,True,True,True,True,True,True,True,,,,,,,,
hadronic,HLPS-2,H_HLPS,,H_REPOSITORY_SURROGATES,False,True,0.0,220.0,50.0,-0.280756520703409,0.6891055684315227,0.9999916771518342,220.2039961127188,True,True,True,37,0.08999843902045902,3.2015429663366914,20.565443696997516,10460.438892217386,16.165756704113093,0.11168512760562505,0.9999039423219647,715.2031523982573,0.0,,True,True,True,True,False,False,False,False,False,False,,,,,,Mmax above project upper screen 3.0 Msun; R1.4 outside common 9.5-14.5 km screen,Mmax above project upper screen 3.0 Msun; R1.4 outside common 9.5-14.5 km screen,
hadronic,HLPS-3,H_HLPS,,H_REPOSITORY_SURROGATES,False,True,0.0,220.0,50.0,-0.27422290840669633,0.40910436993558114,0.9999998709678979,219.97459998912615,True,True,True,37,0.09070317293458119,3.2621724175716706,15.856566455671999,1921.6857816935496,15.423304777541064,0.03289938853805582,0.9995669046027768,297.1953203369167,0.0,,True,True,True,True,False,False,False,False,False,False,,,,,,Mmax above project upper screen 3.0 Msun; R1.4 outside common 9.5-14.5 km screen,Mmax above project upper screen 3.0 Msun; R1.4 outside common 9.5-14.5 km screen,
hadronic,MDI-1,H_MDI,,H_REPOSITORY_SURROGATES,False,True,0.0,220.0,50.0,-0.1155041516794807,0.8771093416435204,0.999987811558738,220.24686550530296,True,True,True,39,0.08867360024832147,1.9974694072621793,13.188081967526504,589.9690671619243,10.75642308143616,0.009958443564280947,0.999976514980779,2001.7412233484354,0.0,,True,False,False,False,True,True,False,False,False,False,,,,,,does not cover common 1.0-2.0 Msun grid; Mmax below project screen 2.08 Msun,does not cover common 1.0-2.0 Msun grid; Mmax below project screen 2.08 Msun,
hadronic,MDI-2,H_MDI,,H_REPOSITORY_SURROGATES,False,True,0.0,220.0,50.0,-0.12077920485571657,0.8722976007103821,0.9999303566951797,219.4098909845299,True,True,True,38,0.08983296115172895,2.004437772937214,13.42351094043372,657.0157788159398,10.950041991165065,0.010446037568105583,0.9999677712152002,1827.9863050435604,0.0,,True,True,True,False,True,True,True,False,True,False,,,,,,Mmax below project screen 2.08 Msun,Mmax below project screen 2.08 Msun,
hadronic,MDI-3,H_MDI,,H_REPOSITORY_SURROGATES,False,True,0.0,220.0,50.0,-0.13356672555198135,0.8602663475783547,0.9998389247901663,219.10253639673113,True,True,True,38,0.09029321661039025,2.040257220092592,14.033122337168184,867.4138619631328,11.260922677364249,0.011625897673706684,0.9999881662696284,1408.7245719201255,0.0,,True,True,True,False,True,True,True,False,True,False,,,,,,Mmax below project screen 2.08 Msun,Mmax below project screen 2.08 Msun,
hadronic,MDI-4,H_MDI,,H_REPOSITORY_SURROGATES,False,True,0.0,220.0,50.0,-0.1448976285358259,0.8499740639300037,0.9999154284979713,219.34971130103688,True,True,True,38,0.0898716721581722,2.0666984502846386,14.759025435168411,1182.4608573925104,11.59144316222961,0.013655730926765784,0.9999655648234741,1331.4711209342236,0.0,,True,True,True,False,False,True,False,False,False,False,,,,,,Mmax below project screen 2.08 Msun; R1.4 outside common 9.5-14.5 km screen,Mmax below project screen 2.08 Msun; R1.4 outside common 9.5-14.5 km screen,
hadronic,NLD,H_NLD,,H_REPOSITORY_SURROGATES,False,True,0.0,220.0,50.0,-0.17680768506735453,0.821647223290413,0.999965472643961,219.5845005889177,True,True,True,31,0.08984917318552633,2.4677915857053763,20.74983184764,11128.190680102,17.21901723481675,0.12235185086218549,0.5986199280589714,2500.0000655987487,0.0,,True,True,True,True,False,True,False,False,False,False,,,,,,R1.4 outside common 9.5-14.5 km screen,R1.4 outside common 9.5-14.5 km screen,
hadronic,PS,H_PS,,H_REPOSITORY_SURROGATES,False,False,0.0,220.0,50.0,-0.041038962894586285,0.9437840794318965,0.9996875247037926,221.2500482526392,False,True,True,36,0.08704982692123443,2.4718920631772257,12.323729844464433,528.1352849176668,12.151727880934937,0.015085738003304755,0.8546252592351021,2500.0087764522773,0.0,,True,True,True,True,True,True,True,True,False,False,,,,,,,no underlying primary citation in fit source,
hadronic,SCVBB,H_SCVBB,,H_REPOSITORY_SURROGATES,False,True,0.0,220.0,50.0,-0.0916400239665044,0.9009906522248387,0.999862706298686,220.82856239039955,True,True,True,39,0.08832587772734946,2.013795989972988,12.289899960447007,380.20769394990845,10.359424727672513,0.0086651594243016,0.999988440435138,2251.4982098824667,0.0,,True,True,True,False,True,True,True,False,True,False,,,,,,Mmax below project screen 2.08 Msun,Mmax below project screen 2.08 Msun,
hadronic,SkI4,H_SKYRME,,H_REPOSITORY_SURROGATES,False,True,0.0,220.0,50.0,-0.13690579460738517,0.8514945346792401,0.9999131276609483,219.3409244630851,True,True,True,40,0.08833907275022043,2.276156909431579,13.74849425213303,811.8927380955996,11.39567330553249,0.009567739151755407,0.9999723280113586,767.9603613642988,0.0,,True,True,True,True,True,True,True,True,True,True,,,,,,,,
hadronic,Ska,H_SKYRME,,H_REPOSITORY_SURROGATES,False,True,0.0,220.0,50.0,-0.12348562748650549,0.8659962277848509,0.9998230089007767,220.9407623610571,True,True,True,39,0.0905635222080422,2.2369252283839143,13.450847552349725,691.85565017305,11.249727352748002,0.010010999842938628,0.999949907113353,910.7126613797659,0.0,,True,True,True,True,True,True,True,True,True,True,,,,,,,,
hadronic,W,H_WALECKA,,H_REPOSITORY_SURROGATES,False,True,0.0,220.0,50.0,-0.20358010294625598,0.772571220959387,0.9999707649983168,219.61766880172968,True,True,True,36,0.09134577974756966,2.652642484273134,14.927449897407705,1418.5730501583685,13.200567878586755,0.010856992990859573,0.8207855409320013,2500.0065406691183,0.0,,True,True,True,True,False,True,False,False,False,False,,,,,,R1.4 outside common 9.5-14.5 km screen,R1.4 outside common 9.5-14.5 km screen,
hadronic,WFF-1,H_WFF,,H_REPOSITORY_SURROGATES,False,True,0.0,220.0,50.0,-0.07083590277863093,0.9225567931070292,0.9999992868305105,220.05971472782218,True,True,True,37,0.08875208346159122,1.9986117219539317,11.543181408710783,264.5671379708903,10.806030302404443,0.007194143402940975,0.9998298737569805,364.69966042511214,0.0,,True,False,False,False,True,True,False,False,False,False,,,,,,does not cover common 1.0-2.0 Msun grid; Mmax below project screen 2.08 Msun,does not cover common 1.0-2.0 Msun grid; Mmax below project screen 2.08 Msun,
hadronic,WFF-2,H_WFF,,H_REPOSITORY_SURROGATES,False,True,0.0,220.0,50.0,-0.08295131955443852,0.908790447512773,0.9999752939111022,219.64852884828022,True,True,True,37,0.08980353357802535,2.0939415743641474,12.056847863204526,349.07185060242205,11.14209409877178,0.007878594407648902,0.9998911671393519,372.1994527610073,0.0,,True,True,True,True,True,True,True,True,True,True,,,,,,,,
quark,CFL1,Q_CFL1,Q_CFL_B060,Q_ANALYTIC_CFL_MIT_BAG,True,True,0.0,220.0,50.0,-0.35035668675147374,0.6558250990854094,0.9938561938569167,225.5510165646012,True,True,True,78,0.057202142419569016,2.0665742264222122,11.075526492853097,511.96094769527787,11.181317397440818,0.33553150793509945,0.3482041631871397,2500.0000019642757,225.5510165646012,810.8374857442543,True,True,True,False,True,True,True,False,True,False,2.051,11.08,0.015574226422212067,0.10131739744081791,True,Mmax below project screen 2.08 Msun,Mmax below project screen 2.08 Msun,
quark,CFL10,Q_CFL10,Q_CFL_B080,Q_ANALYTIC_CFL_MIT_BAG,True,True,0.0,220.0,50.0,-0.46057563715120864,0.5975249941880357,0.9450896922103657,236.8040833728545,True,True,True,81,0.05257232107690594,2.218817936616328,11.04799378609173,521.6357751818035,11.453803516232657,0.34865897035031385,0.43528528715482884,2500.000009874723,236.8040833728545,748.8835497390614,True,True,True,True,True,True,True,True,True,True,2.202,11.36,0.016817936616328133,0.09380351623265781,True,,,
quark,CFL11,Q_CFL11,Q_CFL_B100,Q_ANALYTIC_CFL_MIT_BAG,True,True,0.0,220.0,50.0,-61.8114643051722,117.48355729457998,0.005577399701773885,381.0750231176223,True,True,True,95,0.05539757119041287,1.5830831955438365,8.922907890895557,101.29232444730248,8.576917161779248,0.33551442392145314,0.34474724258187456,2500.0000008981374,381.0750231176223,927.9676800425083,True,False,False,False,False,True,False,False,False,False,1.571,8.51,0.012083195543836522,0.06691716177924789,True,does not cover common 1.0-2.0 Msun grid; Mmax below project screen 2.08 Msun; R1.4 outside common 9.5-14.5 km screen,does not cover common 1.0-2.0 Msun grid; Mmax below project screen 2.08 Msun; R1.4 outside common 9.5-14.5 km screen,
quark,CFL12,Q_CFL12,Q_CFL_B100,Q_ANALYTIC_CFL_MIT_BAG,True,True,0.0,220.0,50.0,-5.324266948488777,8.571295283660163,0.0719654220026008,334.7076615855913,True,True,True,92,0.051670335604899226,1.7675895828082082,9.570169108275687,181.09277290531975,9.361770247259672,0.3422258738549166,0.38316311780249446,2500.000003982897,334.7076615855913,861.8194425915476,True,False,False,False,True,True,False,False,False,False,1.754,9.29,0.013589582808208212,0.07177024725967307,True,does not cover common 1.0-2.0 Msun grid; Mmax below project screen 2.08 Msun,does not cover common 1.0-2.0 Msun grid; Mmax below project screen 2.08 Msun,
quark,CFL13,Q_CFL13,Q_CFL_B100,Q_ANALYTIC_CFL_MIT_BAG,True,True,0.0,220.0,50.0,-28.42001074325868,51.91264924149169,0.01244823712036712,368.09078740513957,True,True,True,95,0.05049362152922381,1.6288065017982123,9.100926295342742,119.84934310394935,8.769670443133371,0.33716868515534876,0.353779032695465,2500.000001621532,368.09078740513957,910.8653701677889,True,False,False,False,False,True,False,False,False,False,1.616,8.7,0.012806501798212189,0.06967044313337212,True,does not cover common 1.0-2.0 Msun grid; Mmax below project screen 2.08 Msun; R1.4 outside common 9.5-14.5 km screen,does not cover common 1.0-2.0 Msun grid; Mmax below project screen 2.08 Msun; R1.4 outside common 9.5-14.5 km screen,
quark,CFL14,Q_CFL14,Q_CFL_B100,Q_ANALYTIC_CFL_MIT_BAG,True,True,0.0,220.0,50.0,-1.0390991500409572,1.2293074854785377,0.44083806859918956,283.99522100718195,True,True,True,87,0.05148078882923145,2.070453760186425,10.359827693911914,335.27151357879427,10.575677618395652,0.3539642684551559,0.4580744623871151,2500.0000093848466,283.99522100718195,765.8290873762039,True,True,True,False,True,True,True,False,True,False,2.055,10.49,0.015453760186424859,0.08567761839565158,True,Mmax below project screen 2.08 Msun,Mmax below project screen 2.08 Msun,
quark,CFL15,Q_CFL15,Q_CFL_B100,Q_ANALYTIC_CFL_MIT_BAG,True,True,0.0,220.0,50.0,-1.7031340743399075,2.322429872447565,0.24841239965844578,303.44654013375856,True,True,True,89,0.053190180087058565,1.9365293655330842,10.04200405001885,264.4052547549117,10.048607524186703,0.348597474322832,0.4230796223468422,2500.0000070239025,303.44654013375856,806.7652912631975,True,False,False,False,True,True,False,False,False,False,1.922,9.98,0.01452936553308426,0.06860752418670302,True,does not cover common 1.0-2.0 Msun grid; Mmax below project screen 2.08 Msun,does not cover common 1.0-2.0 Msun grid; Mmax below project screen 2.08 Msun,
quark,CFL16,Q_CFL16,Q_CFL_B120,Q_ANALYTIC_CFL_MIT_BAG,True,True,0.0,220.0,50.0,-420.11993349855254,690.1363689571223,0.0009006929280997469,407.24777930279413,True,True,True,97,0.05756016278918571,1.5939055580303298,8.787160275645652,92.1668225760283,8.470945969795526,0.3421910169262847,0.37839905305588223,2500.0000029964885,407.24777930279413,909.7211741288672,True,False,False,False,False,True,False,False,False,False,1.582,8.4,0.011905558030329777,0.0709459697955257,True,does not cover common 1.0-2.0 Msun grid; Mmax below project screen 2.08 Msun; R1.4 outside common 9.5-14.5 km screen,does not cover common 1.0-2.0 Msun grid; Mmax below project screen 2.08 Msun; R1.4 outside common 9.5-14.5 km screen,
quark,CFL17,Q_CFL17,Q_CFL_B120,Q_ANALYTIC_CFL_MIT_BAG,True,True,0.0,220.0,50.0,-11.98112684858876,14.900213364437262,0.03720052616704821,348.28547021248306,True,True,True,93,0.05658511118857632,1.8480321864230729,9.560349244243174,185.87086998308803,9.48840714209637,0.3538811468048318,0.44570422284165007,2500.0000071427517,348.28547021248306,816.0387086044718,True,False,False,False,True,True,False,False,False,False,1.834,9.42,0.014032186423072801,0.06840714209637078,True,does not cover common 1.0-2.0 Msun grid; Mmax below project screen 2.08 Msun,does not cover common 1.0-2.0 Msun grid; Mmax below project screen 2.08 Msun,
quark,CFL18,Q_CFL18,Q_CFL_B120,Q_ANALYTIC_CFL_MIT_BAG,True,True,0.0,220.0,50.0,-40.19169006258358,56.83523420269085,0.010306417600809142,371.24464469416966,True,True,True,95,0.0500083613137789,1.7351246069289112,9.251575153392846,142.44084543111913,9.054064801212002,0.34853670209202064,0.4142323418672773,2500.00000530338,371.24464469416966,856.2263936864093,True,False,False,False,False,True,False,False,False,False,1.722,8.98,0.013124606928911264,0.07406480121200154,True,does not cover common 1.0-2.0 Msun grid; Mmax below project screen 2.08 Msun; R1.4 outside common 9.5-14.5 km screen,does not cover common 1.0-2.0 Msun grid; Mmax below project screen 2.08 Msun; R1.4 outside common 9.5-14.5 km screen,
quark,CFL19,Q_CFL19,Q_CFL_B140,Q_ANALYTIC_CFL_MIT_BAG,True,True,0.0,220.0,50.0,-789.5282810311044,1020.4510738225297,0.0005524924896620526,413.6629897274723,True,True,True,98,0.05624099123605623,1.6802855991844476,8.897808389009906,106.3402313850703,8.671567564631076,0.3537990027492946,0.43620844564547556,2500.0000056535064,413.6629897274723,860.1436865698461,True,False,False,False,False,True,False,False,False,False,1.667,8.6,0.013285599184447605,0.07156756463107605,True,does not cover common 1.0-2.0 Msun grid; Mmax below project screen 2.08 Msun; R1.4 outside common 9.5-14.5 km screen,does not cover common 1.0-2.0 Msun grid; Mmax below project screen 2.08 Msun; R1.4 outside common 9.5-14.5 km screen,
quark,CFL2,Q_CFL2,Q_CFL_B060,Q_ANALYTIC_CFL_MIT_BAG,True,True,0.0,220.0,50.0,-0.44194371936146604,0.9545840827705924,0.7160616483777228,260.86496143652727,True,True,True,84,0.050777647239659475,1.8436924410916464,10.370734181798541,314.3115400597861,10.158807657441455,0.3164589481761531,0.33062586169438984,2499.999997881075,260.86496143652727,871.5031444058886,True,False,False,False,True,True,False,False,False,False,1.83,10.09,0.013692441091646357,0.06880765744145556,True,does not cover common 1.0-2.0 Msun grid; Mmax below project screen 2.08 Msun,does not cover common 1.0-2.0 Msun grid; Mmax below project screen 2.08 Msun,
quark,CFL3,Q_CFL3,Q_CFL_B060,Q_ANALYTIC_CFL_MIT_BAG,True,True,0.0,220.0,50.0,-0.39349738509461707,0.6063215623854276,0.9999994538926538,219.94774545496526,True,True,True,74,0.05645074182390903,2.374785362047826,11.86777431483942,837.9604552449351,12.4722749385383,0.34229682924834093,0.39958536215203516,2500.0000088130996,192.19943964314527,737.3975153902446,True,True,True,True,True,True,True,True,True,True,2.357,12.38,0.01778536204782588,0.09227493853829927,True,,,
quark,CFL4,Q_CFL4,Q_CFL_B060,Q_ANALYTIC_CFL_MIT_BAG,True,True,0.0,220.0,50.0,-0.3597696647777177,0.6402079878803378,0.9999991351305203,220.0657597845852,True,True,True,78,0.05297887442830975,2.1431319808133047,11.289762280960563,587.9801709764262,11.496164766425258,0.33719886993837217,0.36013584075473565,2500.0000035695366,215.8982058576553,791.6274292444332,True,True,True,True,True,True,True,True,True,True,2.127,11.41,0.016131980813304914,0.08616476642525761,True,,,
quark,CFL5,Q_CFL5,Q_CFL_B060,Q_ANALYTIC_CFL_MIT_BAG,True,True,0.0,220.0,50.0,-0.4663357598034389,0.5328658832189513,0.9999916948868838,220.20377864956694,True,True,True,69,0.0583170555395261,2.863328669479209,12.813411038088542,1420.9663029911956,14.34892277591243,0.3541335226449837,0.5001246405207707,2500.0000196395704,159.9734210649433,636.0789781878208,True,True,True,True,True,True,True,True,True,True,2.842,14.24,0.021328669479208973,0.10892277591242916,True,,,
quark,CFL6,Q_CFL6,Q_CFL_B060,Q_ANALYTIC_CFL_MIT_BAG,True,True,0.0,220.0,50.0,-0.4340211757751493,0.5655025848548002,0.9999865479393474,220.25934678648906,True,True,True,71,0.05076894706329128,2.6513806031013027,12.442687550705514,1162.7006782469111,13.57709610942809,0.34872120457046113,0.45354851767272203,2500.000015218938,171.72515184168088,678.412211662762,True,True,True,True,True,True,True,True,True,True,2.631,13.46,0.020380603101302963,0.11709610942808979,True,,,
quark,CFL7,Q_CFL7,Q_CFL_B080,Q_ANALYTIC_CFL_MIT_BAG,True,True,0.0,220.0,50.0,-0.5634087161584801,0.8822215727568046,0.6917397952074875,262.92699689958727,True,True,True,84,0.05044282894780555,2.008880773125914,10.54002260926306,368.75528987467504,10.614768991259117,0.34226114192306817,0.3897322299335805,2500.0000056382205,262.92699689958727,805.7504163703308,True,True,True,False,True,True,True,False,True,False,1.994,10.52,0.01488077312591396,0.09476899125911764,True,Mmax below project screen 2.08 Msun,Mmax below project screen 2.08 Msun,
quark,CFL8,Q_CFL8,Q_CFL_B080,Q_ANALYTIC_CFL_MIT_BAG,True,True,0.0,220.0,50.0,-0.9977320442474423,1.8022439068724905,0.3571459246283957,291.74994175114483,True,True,True,87,0.05690583126814656,1.8352151171101432,10.039132309303305,254.54841081420088,9.865788750529083,0.3371836891500791,0.35633593347413217,2500.000002288759,291.74994175114483,857.0493328510363,True,False,False,False,True,True,False,False,False,False,1.821,9.79,0.014215117110143227,0.07578875052908352,True,does not cover common 1.0-2.0 Msun grid; Mmax below project screen 2.08 Msun,does not cover common 1.0-2.0 Msun grid; Mmax below project screen 2.08 Msun,
quark,CFL9,Q_CFL9,Q_CFL_B080,Q_ANALYTIC_CFL_MIT_BAG,True,True,0.0,220.0,50.0,-0.4749565691582148,0.5250846418175829,0.9997675075379375,221.07823812913617,True,True,True,80,0.05109595513673884,2.3830926525286955,11.386214879037437,648.3918497537152,12.065870972838118,0.3540483870913918,0.47503743640358453,2500.0000130272924,221.07823812913617,707.1960697732161,True,True,True,True,True,True,True,True,True,True,2.365,11.98,0.018092652528695297,0.08587097283811751,True,,,
